alpha,min,max
0.99,4.67235241002545,22.551065933853028
0.95,6.80969893229876,20.41371941157972
0.75,9.619447923160267,17.603970420718213
0.5,11.27090790030621,15.952510443572269
